carpeta,genero,nombre,categoria_sugerida,precio_soles,talla,accesorios,audiencia,num_fotos,foto_principal,calidad_tela,stock,notas
"1.Niño/1.Bugui Bugui polar 60 soles (gorra,enterizo,guantes, luces) Talla 4-8",niño,Bugui Bugui polar,Haloween,60,4;6;8,"gorra, enterizo, guantes, luces",niño,4,20221020_102220.jpg,polar,5,
"1.Niño/2.Capitán América 45 soles (escudo,chaqueta,pantalón) Talla 4-8",niño,Capitán América,superheroes,45,4;6;8,"escudo, chaqueta, pantalón",niño,4,20220911_103039.jpg,polinan,4,
"1.Niño/3.Gekko polinan 50 soles (enterizo, mascara, cola) Talla 4-8",niño,Gekko polinan,series,50,4;6;8,"enterizo, mascara, cola",niño,5,20221020_100901.jpg,polinan,3,
"1.Niño/4.Superman bordado 40 soles (capa,pantalón,chaqueta,cinturón,botas) Talla 4-8",niño,Superman bordado,superheroes,40,4;6;8,"capa, pantalón, chaqueta, cinturón, botas",niño,3,20221022_171135.jpg,raso,5,
"1.Niño/5.Spiderman sublimado (chaqueta,pantalón,cinturón,botas,mascara) Talla 4-8",niño,Spiderman sublimado,superheroes,40,4;6;8,"chaqueta, pantalón, cinturón, botas, mascara",niño,6,20211020_215316.jpg,poliestress forrado,7,
2.Niña/1.Mujer Maravilla (niña mujer),niña,Mujer Maravilla,superheroes,40,4;6;8,"vestido,capa,muñecas,botas,corona,capa",niña mujer,5,20211020_221418.jpg,raso,9,
2.Niña/2.Brujita (niña mujer),niña,Brujita,Haloween,45,4;6;8,"gorro,vestido",niña mujer,3,20211020_220214.jpg,raso,5,
2.Niña/3.Lady boo (niña mujer),niña,Lady boo,superheroes,50,4;6;8,"mochila,chaqueta,vestido",niña mujer,3,20211020_222844.jpg,alicrado,4,
2.Niña/4.Skye Paw Patrol Aviadora (niña mujer),niña,Skye Paw Patrol Aviadora,series,45,4;6;8,"enterizo alicrado, yoyo,antifaz",niña mujer,6,20220807_151243.jpg,raso,8,
2.Niña/5.Blanca Nieves tela raso modelo 1 (niña mujer),niña,Blanca Nieves tela raso modelo 1,peliculas,45,4;6;8,"vestido,capa,moño de cabello",niña mujer,3,20211015_203707.jpg,raso,6,
"3.Hombre/1.Aeroman Hombre adulto 55 soles (mascara,polo,pantalón) Talla 14",hombre,Aeroman Hombre adulto,superheroes,55,M,"mascara, polo, pantalón",hombre,4,20221025_114643.jpg,poliestress,9,
"3.Hombre/2.Preso Reo Hombre adulto 60 soles (gorro,polo,pantalón) Talla M",hombre,Preso Reo Hombre adulto,Haloween,60,M,"gorro, polo, pantalón",hombre,4,20221025_113603.jpg,polinan,7,
"3.Hombre/3.Juego de calamar polinan 90 soles (mascara,correa,enterizo) Talla M",hombre,Juego de calamar polinan,series,90,M,"mascara, correa, enterizo",hombre,3,20221028_105925.jpg,polinan,4,
3.Hombre/4.Reo americano polinan hombre adulto 80 soles (enterizo) Talla M,hombre,Reo americano polinan hombre adulto,Haloween,80,M,enterizo,hombre,4,20221028_105253.jpg,polinan,2,
"4.Mujer/1.Gatúbela 90 soles (mascara, correa, cola) Talla Small",mujer,Gatúbela,superheroes,90,Small,"mascara, correa, cola",mujer,2,20221013_134750.jpg,latex,1,
"4.Mujer/2.Malefica 150 soles (cachos,capa,vestido) Talla M",mujer,Malefica,peliculas,150,M,"cachos, capa, vestido",mujer,6,20221022_110413.jpg,sermat,3,
4.Mujer/3.Pirate woman adult,mujer,Pirate woman adult,peliculas,120,M,Vestido,mujer,4,20220909_171743.jpg,sermat,5,
